"","Estimate","SE"
"elpd_waic",-2763.09286710683,41.3704133216186
"p_waic",17.1304182342313,3.03369091222975
"waic",5526.18573421366,82.7408266432372
