"","Estimate","SE"
"elpd_waic",-2573.02647299739,35.4098021095569
"p_waic",14.9603954624372,2.97049570856669
"waic",5146.05294599479,70.8196042191139
