"","Estimate","SE"
"elpd_waic",-2762.84233014575,41.4599746197113
"p_waic",17.000955002306,3.01313807203647
"waic",5525.68466029151,82.9199492394226
