"","Estimate","SE"
"elpd_waic",-6981.72545446644,81.4893013010818
"p_waic",29.0340091035408,4.01675271692634
"waic",13963.4509089329,162.978602602164
