"","Estimate","SE"
"elpd_waic",-2574.07580182179,35.3045952603295
"p_waic",16.309170960135,3.31090488625613
"waic",5148.15160364358,70.6091905206589
