"","Estimate","SE"
"elpd_waic",-2762.02821063131,41.607348073769
"p_waic",18.1743074366999,3.41449103546754
"waic",5524.05642126262,83.214696147538
