"","Estimate","SE"
"elpd_waic",-6983.19289048552,83.1382133443981
"p_waic",31.8310562338473,4.07250140245599
"waic",13966.385780971,166.276426688796
