"","Estimate","SE"
"elpd_waic",-6983.54738159859,82.1161721702709
"p_waic",31.1133715609765,3.91231602012162
"waic",13967.0947631972,164.232344340542
