"","Estimate","SE"
"elpd_waic",-6982.00771495362,81.5229893553022
"p_waic",29.3751491552178,4.0563078264931
"waic",13964.0154299072,163.045978710604
