"","Estimate","SE"
"elpd_waic",-2555.92085492972,35.7274998378588
"p_waic",17.229971030289,3.21746022818047
"waic",5111.84170985945,71.4549996757177
