"","Estimate","SE"
"elpd_waic",-2573.75975738126,35.2994577455711
"p_waic",15.9998945006803,3.28647269023409
"waic",5147.51951476251,70.5989154911421
