"","Estimate","SE"
"elpd_waic",-2761.5799045385,41.5172952509714
"p_waic",17.5059956522057,3.31649390470352
"waic",5523.159809077,83.0345905019427
