"","Estimate","SE"
"elpd_waic",-6983.07526966739,82.1471678298173
"p_waic",30.4902798353224,3.75847235957797
"waic",13966.1505393348,164.294335659635
