"","Estimate","SE"
"elpd_waic",-2555.93742090991,35.6089477106107
"p_waic",16.948732364008,3.07647692881564
"waic",5111.87484181983,71.2178954212213
