"","Estimate","SE"
"elpd_waic",-5942.91417664571,71.5595927651208
"p_waic",31.9941538140082,5.17368799536876
"waic",11885.8283532914,143.119185530242
