"","Estimate","SE"
"elpd_waic",-2470.2069755163,33.5782702398711
"p_waic",15.938549657374,2.43875672197518
"waic",4940.4139510326,67.1565404797421
