"","Estimate","SE"
"elpd_waic",-5927.31091243592,71.7473389066818
"p_waic",28.5108763639587,4.24789256262492
"waic",11854.6218248718,143.494677813364
