"","Estimate","SE"
"elpd_waic",-2489.66595922708,34.1818102011932
"p_waic",18.4831744043462,4.60963298519592
"waic",4979.33191845416,68.3636204023864
