"","Estimate","SE"
"elpd_waic",-2471.37877169445,37.8830827747826
"p_waic",17.8702394391196,3.48079729776119
"waic",4942.75754338889,75.7661655495652
