"","Estimate","SE"
"elpd_waic",-2462.07437227884,37.83784759678
"p_waic",16.6419108342686,3.2294012358731
"waic",4924.14874455767,75.67569519356
